"Country or Area","Year","Commodity","Flow","Trade (USD)","Weight (kg)","Quantity Name","Quantity"
"China","2018","Wheat or meslin flour","Import","75603115","219141834.963955","Weight in kilograms","219141834.963955"
"China","2018","Wheat or meslin flour","Export","114536884","278170543","Weight in kilograms","278170543"
"China","2018","Wheat or meslin flour","Re-Import","1557","257","Weight in kilograms","257"
"China","2018","Maize (corn) flour","Import","1643307","2688478","Weight in kilograms","2688478"
"China","2018","Maize (corn) flour","Export","16424","17477","Weight in kilograms","17477"
"China","2018","Cereal flour except wheat, meslin, rye, maize, rice","Import","38895707","38681733.9779952","Weight in kilograms","38681733.9779952"
"China","2018","Cereal flour except wheat, meslin, rye, maize, rice","Export","1121191","1192051","Weight in kilograms","1192051"
"China","2018","Wheat meal","Import","1557123","3450623","Weight in kilograms","3450623"
"China","2018","Wheat meal","Export","8687","16434","Weight in kilograms","16434"
"China","2018","Maize (corn) groats or meal","Export","137880","156402","Weight in kilograms","156402"
"China","2018","Cereal groats or meal except wheat, maize, rice, oats","Import","400245","1199249","Weight in kilograms","1199249"
"China","2018","Cereal groats or meal except wheat, maize, rice, oats","Export","4280","2672.23319228961","Weight in kilograms","2672.23319228961"
"China","2018","Oats, rolled or flaked grains","Import","4761117","7127585.98816285","Weight in kilograms","7127585.98816285"
"China","2018","Oats, rolled or flaked grains","Export","22892","8800","Weight in kilograms","8800"
"China","2018","Oats, rolled or flaked grains","Re-Import","902","20","Weight in kilograms","20"
"China","2018","Cereals, rolled or flaked grains nes","Import","61327","13591.1080851897","Weight in kilograms","13591.1080851897"
"China","2018","Cereals, rolled or flaked grains nes","Export","4496","1732","Weight in kilograms","1732"
"China","2018","Oats, hulled, pearled, sliced or kibbled","Import","1422500","1950941.97190564","Weight in kilograms","1950941.97190564"
"China","2018","Oats, hulled, pearled, sliced or kibbled","Export","32419","35886","Weight in kilograms","35886"
"China","2018","Cereals, hulled, pearled, sliced or kibbled nes","Import","21880064","24108359.9890972","Weight in kilograms","24108359.9890972"
"China","2018","Cereals, hulled, pearled, sliced or kibbled nes","Export","35545357","57548364","Weight in kilograms","57548364"
"China","2018","Germ of cereals, whole, rolled, flaked or ground","Import","43753","22773","Weight in kilograms","22773"
"China","2018","Germ of cereals, whole, rolled, flaked or ground","Export","240076","312427","Weight in kilograms","312427"
"China","2018","Potato flour or meal","Import","6591182","5458456","Weight in kilograms","5458456"
"China","2018","Potato flour or meal","Export","390940","316988","Weight in kilograms","316988"
"China","2018","Potato flakes, granules and pellets","Import","5230999","4107573","Weight in kilograms","4107573"
"China","2018","Potato flakes, granules and pellets","Export","471662","367280","Weight in kilograms","367280"
"China","2018","Flour or meal of dried legumes","Import","6559417","24118572","Weight in kilograms","24118572"
"China","2018","Flour or meal of dried legumes","Export","2321235","1861715","Weight in kilograms","1861715"
"China","2018","Flour or meal of sago, starchy roots or tubers","Import","4039570","8646041","Weight in kilograms","8646041"
"China","2018","Flour or meal of sago, starchy roots or tubers","Export","10035713","2591273.87307888","Weight in kilograms","2591273.87307888"
"China","2018","Flour, meal, powder of fruit/nut, citrus or melon pee","Import","7134587","880900.754055781","Weight in kilograms","880900.754055781"
"China","2018","Flour, meal, powder of fruit/nut, citrus or melon pee","Export","10556507","1140371.07413506","Weight in kilograms","1140371.07413506"
"China","2018","Malt, not roasted","Import","457829","764452","Weight in kilograms","764452"
"China","2018","Malt, not roasted","Export","191361944","453860323","Weight in kilograms","453860323"
"China","2018","Malt, roasted","Import","6160060","8534127","Weight in kilograms","8534127"
"China","2018","Malt, roasted","Export","7321881","13627236","Weight in kilograms","13627236"
"China","2018","Wheat, starch","Import","673825","1195876.0859383","Weight in kilograms","1195876.0859383"
"China","2018","Wheat, starch","Export","1842997","3487115","Weight in kilograms","3487115"
"China","2018","Wheat, starch","Re-Import","10600","20000","Weight in kilograms","20000"
"China","2018","Maize (corn) starch","Import","2474310","2525920","Weight in kilograms","2525920"
"China","2018","Maize (corn) starch","Export","188206468","519148870.758401","Weight in kilograms","519148870.758401"
"China","2018","Maize (corn) starch","Re-Import","13129","9477","Weight in kilograms","9477"
"China","2018","Potato starch","Import","41050339","48746129","Weight in kilograms","48746129"
"China","2018","Potato starch","Export","1860848","1777847","Weight in kilograms","1777847"
"China","2018","Manioc (cassava) starch","Import","938579666","2008596259","Weight in kilograms","2008596259"
"China","2018","Manioc (cassava) starch","Export","555927","699843","Weight in kilograms","699843"
"China","2018","Starches except wheat, maize, potato, manioc","Import","3984425","6260443","Weight in kilograms","6260443"
"China","2018","Starches except wheat, maize, potato, manioc","Export","43840549","42585622","Weight in kilograms","42585622"
"China","2018","Inulin","Import","8857121","3502629","Weight in kilograms","3502629"
"China","2018","Inulin","Export","3038860","872683","Weight in kilograms","872683"
"China","2018","Wheat gluten","Import","2514603","1275001","Weight in kilograms","1275001"
"China","2018","Wheat gluten","Export","178452238","110924996","Weight in kilograms","110924996"
"China","2018","Wheat gluten","Re-Import","66792","44000","Weight in kilograms","44000"
"China","2017","Wheat or meslin flour","Import","50750055","124837621","Weight in kilograms","124837621"
"China","2017","Wheat or meslin flour","Export","81333480","172595936","Weight in kilograms","172595936"
"China","2017","Wheat or meslin flour","Re-Import","57","24","Weight in kilograms","24"
"China","2017","Maize (corn) flour","Import","1114968","1660356","Weight in kilograms","1660356"
"China","2017","Maize (corn) flour","Export","215678","677198","Weight in kilograms","677198"
"China","2017","Cereal flour except wheat, meslin, rye, maize, rice","Import","31624708","31824403","Weight in kilograms","31824403"
"China","2017","Cereal flour except wheat, meslin, rye, maize, rice","Export","978987","930761","Weight in kilograms","930761"
"China","2017","Cereal flour except wheat, meslin, rye, maize, rice","Re-Import","117","34","Weight in kilograms","34"
"China","2017","Wheat meal","Import","403653","855832","Weight in kilograms","855832"
"China","2017","Wheat meal","Export","1643","2369","Weight in kilograms","2369"
"China","2017","Maize (corn) groats or meal","Import","1067","230","Weight in kilograms","230"
"China","2017","Maize (corn) groats or meal","Export","113602","111451","Weight in kilograms","111451"
"China","2017","Cereal groats or meal except wheat, maize, rice, oats","Import","276276","784613","Weight in kilograms","784613"
"China","2017","Cereal groats or meal except wheat, maize, rice, oats","Export","4673","2266","Weight in kilograms","2266"
"China","2017","Oats, rolled or flaked grains","Import","2167280","2073841","Weight in kilograms","2073841"
"China","2017","Oats, rolled or flaked grains","Export","13187","4667","Weight in kilograms","4667"
"China","2017","Cereals, rolled or flaked grains nes","Import","14606","4719.17094664372","Weight in kilograms","4719.17094664372"
"China","2017","Oats, hulled, pearled, sliced or kibbled","Import","682555","384968","Weight in kilograms","384968"
"China","2017","Oats, hulled, pearled, sliced or kibbled","Export","49643","42609","Weight in kilograms","42609"
"China","2017","Maize (corn), hulled, pearled, sliced or kibbled","Import","149","68","Weight in kilograms","68"
"China","2017","Cereals, hulled, pearled, sliced or kibbled nes","Import","5851949","6451339","Weight in kilograms","6451339"
"China","2017","Cereals, hulled, pearled, sliced or kibbled nes","Export","39438638","58978400","Weight in kilograms","58978400"
"China","2017","Germ of cereals, whole, rolled, flaked or ground","Import","24559","60289.2418772563","Weight in kilograms","60289.2418772563"
"China","2017","Germ of cereals, whole, rolled, flaked or ground","Export","226262","270372","Weight in kilograms","270372"
"China","2017","Potato flour or meal","Import","8494674","7286659","Weight in kilograms","7286659"
"China","2017","Potato flour or meal","Export","585002","449896","Weight in kilograms","449896"
"China","2017","Potato flakes, granules and pellets","Import","4858722","3903446","Weight in kilograms","3903446"
"China","2017","Potato flakes, granules and pellets","Export","553505","423020","Weight in kilograms","423020"
"China","2017","Flour or meal of dried legumes","Import","15051677","49923729","Weight in kilograms","49923729"
"China","2017","Flour or meal of dried legumes","Export","1953082","1540439","Weight in kilograms","1540439"
"China","2017","Flour or meal of sago, starchy roots or tubers","Import","1494763","3327028","Weight in kilograms","3327028"
"China","2017","Flour or meal of sago, starchy roots or tubers","Export","8608827","2383284","Weight in kilograms","2383284"
"China","2017","Flour, meal, powder of fruit/nut, citrus or melon pee","Import","7059746","808847.353725962","Weight in kilograms","808847.353725962"
"China","2017","Flour, meal, powder of fruit/nut, citrus or melon pee","Export","19957594","1141192","Weight in kilograms","1141192"
"China","2017","Malt, not roasted","Import","167914","196742","Weight in kilograms","196742"
"China","2017","Malt, not roasted","Export","151453995","379458548","Weight in kilograms","379458548"
"China","2017","Malt, roasted","Import","3115598","4407093","Weight in kilograms","4407093"
"China","2017","Malt, roasted","Export","5296383","10127573","Weight in kilograms","10127573"
"China","2017","Wheat, starch","Import","721719","","Weight in kilograms","1281964.07395295"
"China","2017","Wheat, starch","Export","1362782","2411839","Weight in kilograms","2411839"
"China","2017","Wheat, starch","Re-Import","49072","85340","Weight in kilograms","85340"
"China","2017","Maize (corn) starch","Import","2499451","2303207","Weight in kilograms","2303207"
"China","2017","Maize (corn) starch","Export","78421915","254827795","Weight in kilograms","254827795"
"China","2017","Maize (corn) starch","Re-Import","4500","8760","Weight in kilograms","8760"
"China","2017","Potato starch","Import","47850666","","Weight in kilograms","62316336.1164593"
"China","2017","Potato starch","Export","1878493","1649217","Weight in kilograms","1649217"
"China","2017","Potato starch","Re-Import","359","256","Weight in kilograms","256"
"China","2017","Manioc (cassava) starch","Import","768116000","2331031056","Weight in kilograms","2331031056"
"China","2017","Manioc (cassava) starch","Export","435786","541201","Weight in kilograms","541201"
"China","2017","Starches except wheat, maize, potato, manioc","Import","8677589","14562780","Weight in kilograms","14562780"
"China","2017","Starches except wheat, maize, potato, manioc","Export","46283037","40378063","Weight in kilograms","40378063"
"China","2017","Starches except wheat, maize, potato, manioc","Re-Import","15814","5000","Weight in kilograms","5000"
"China","2017","Inulin","Import","7381699","3046788","Weight in kilograms","3046788"
"China","2017","Inulin","Export","1595070","458916","Weight in kilograms","458916"
"China","2017","Wheat gluten","Import","2083216","1116790","Weight in kilograms","1116790"
"China","2017","Wheat gluten","Export","133794101","89124575","Weight in kilograms","89124575"
"China","2016","Wheat or meslin flour","Import","14772747","37302699","Weight in kilograms","37302699"
"China","2016","Wheat or meslin flour","Export","58592355","102214846","Weight in kilograms","102214846"
"China","2016","Maize (corn) flour","Import","824222","1248237","Weight in kilograms","1248237"
"China","2016","Maize (corn) flour","Export","75846","117497","Weight in kilograms","117497"
"China","2016","Cereal flour except wheat, meslin, rye, maize, rice","Import","28405969","28636745","Weight in kilograms","28636745"
"China","2016","Cereal flour except wheat, meslin, rye, maize, rice","Export","1292154","1272044","Weight in kilograms","1272044"
"China","2016","Wheat meal","Import","52510","59603","Weight in kilograms","59603"
"China","2016","Maize (corn) groats or meal","Import","255","283","Weight in kilograms","283"
"China","2016","Maize (corn) groats or meal","Export","44635","43313","Weight in kilograms","43313"
"China","2016","Cereal groats or meal except wheat, maize, rice, oats","Import","91441","59626","Weight in kilograms","59626"
"China","2016","Cereal groats or meal except wheat, maize, rice, oats","Export","3397","1983","Weight in kilograms","1983"
"China","2016","Oats, rolled or flaked grains","Import","1521810","900420","Weight in kilograms","900420"
"China","2016","Oats, rolled or flaked grains","Export","82565","18570","Weight in kilograms","18570"
"China","2016","Cereals, rolled or flaked grains nes","Import","56085","55613","Weight in kilograms","55613"
"China","2016","Oats, hulled, pearled, sliced or kibbled","Import","401259","178479","Weight in kilograms","178479"
"China","2016","Oats, hulled, pearled, sliced or kibbled","Export","69913","64877","Weight in kilograms","64877"
"China","2016","Maize (corn), hulled, pearled, sliced or kibbled","Export","15390","16200","Weight in kilograms","16200"
"China","2016","Cereals, hulled, pearled, sliced or kibbled nes","Import","6480561","6693320","Weight in kilograms","6693320"
"China","2016","Cereals, hulled, pearled, sliced or kibbled nes","Export","42899352","54589626","Weight in kilograms","54589626"
"China","2016","Germ of cereals, whole, rolled, flaked or ground","Import","11986","10084","Weight in kilograms","10084"
"China","2016","Germ of cereals, whole, rolled, flaked or ground","Export","179909","151580","Weight in kilograms","151580"
"China","2016","Potato flour or meal","Import","10089041","8095801","Weight in kilograms","8095801"
"China","2016","Potato flour or meal","Export","509445","350272","Weight in kilograms","350272"
"China","2016","Potato flakes, granules and pellets","Import","7447805","6123290","Weight in kilograms","6123290"
"China","2016","Potato flakes, granules and pellets","Export","676357","345446","Weight in kilograms","345446"
"China","2016","Flour or meal of dried legumes","Import","11934433","33368725","Weight in kilograms","33368725"
"China","2016","Flour or meal of dried legumes","Export","1760243","1379590","Weight in kilograms","1379590"
"China","2016","Flour or meal of sago, starchy roots or tubers","Import","10100453","23294780","Weight in kilograms","23294780"
"China","2016","Flour or meal of sago, starchy roots or tubers","Export","8260358","2375130","Weight in kilograms","2375130"
"China","2016","Flour, meal, powder of fruit/nut, citrus or melon pee","Import","5850078","1019344","Weight in kilograms","1019344"
"China","2016","Flour, meal, powder of fruit/nut, citrus or melon pee","Export","15870076","639054","Weight in kilograms","639054"
"China","2016","Malt, not roasted","Import","268943","347163","Weight in kilograms","347163"
"China","2016","Malt, not roasted","Export","152655851","352375652","Weight in kilograms","352375652"
"China","2016","Malt, roasted","Import","2763552","3852841","Weight in kilograms","3852841"
"China","2016","Malt, roasted","Export","6719368","12543841","Weight in kilograms","12543841"
"China","2016","Wheat, starch","Import","531756","876261","Weight in kilograms","876261"
"China","2016","Wheat, starch","Export","1549365","2675871","Weight in kilograms","2675871"
"China","2016","Maize (corn) starch","Import","3119941","3276931","Weight in kilograms","3276931"
"China","2016","Maize (corn) starch","Export","45097553","132778263","Weight in kilograms","132778263"
"China","2016","Potato starch","Import","31353851","42080665","Weight in kilograms","42080665"
"China","2016","Potato starch","Export","655622","590853","Weight in kilograms","590853"
"China","2016","Manioc (cassava) starch","Import","729075494","2073084260","Weight in kilograms","2073084260"
"China","2016","Manioc (cassava) starch","Export","650300","795941","Weight in kilograms","795941"
"China","2016","Starches except wheat, maize, potato, manioc","Import","16363214","27690957","Weight in kilograms","27690957"
"China","2016","Starches except wheat, maize, potato, manioc","Export","49766502","42146088","Weight in kilograms","42146088"
"China","2016","Inulin","Import","9364093","3916840","Weight in kilograms","3916840"
"China","2016","Inulin","Export","996679","260690","Weight in kilograms","260690"
"China","2016","Wheat gluten","Import","1396413","761688","Weight in kilograms","761688"
"China","2016","Wheat gluten","Export","177007894","126999293","Weight in kilograms","126999293"
"Germany","2018","Wheat or meslin flour","Import","45483774.2901688","116266772.200868","Weight in kilograms","116266772.200868"
"Germany","2018","Wheat or meslin flour","Export","344944761.37486","899653613.876795","Weight in kilograms","899653613.876795"
"Germany","2018","Maize (corn) flour","Import","11943527.0301651","36729541.7887936","Weight in kilograms","36729541.7887936"
"Germany","2018","Maize (corn) flour","Export","11443271.9058366","23389586","Weight in kilograms","23389586"
"Germany","2018","Cereal flour except wheat, meslin, rye, maize, rice","Import","26258028.1330856","32753281.3937988","Weight in kilograms","32753281.3937988"
"Germany","2018","Cereal flour except wheat, meslin, rye, maize, rice","Export","41422944.2205414","61157861.9778524","Weight in kilograms","61157861.9778524"
"Germany","2018","Wheat meal","Import","30755410.9704561","61628306","Weight in kilograms","61628306"
"Germany","2018","Wheat meal","Export","12783630.1407253","22110791","Weight in kilograms","22110791"
"Germany","2018","Maize (corn) groats or meal","Import","8910105.99954728","18246375","Weight in kilograms","18246375"
"Germany","2018","Maize (corn) groats or meal","Export","13922064.609337","34277282","Weight in kilograms","34277282"
"Germany","2018","Cereal groats or meal except wheat, maize, rice, oats","Import","2282064.6415576","1636856.69439847","Weight in kilograms","1636856.69439847"
"Germany","2018","Cereal groats or meal except wheat, maize, rice, oats","Export","3541492.46737128","2167373","Weight in kilograms","2167373"
"Germany","2018","Wheat pellets","Import","3390392.26695107","8898998","Weight in kilograms","8898998"
"Germany","2018","Wheat pellets","Export","2869236.78367552","20283904","Weight in kilograms","20283904"
"Germany","2018","Oats, rolled or flaked grains","Import","17464550.651424","23287292.5749415","Weight in kilograms","23287292.5749415"
"Germany","2018","Oats, rolled or flaked grains","Export","102565929.250158","133909589.87529","Weight in kilograms","133909589.87529"
"Germany","2018","Cereals, rolled or flaked grains nes","Import","27217075.6966866","94802329.6644576","Weight in kilograms","94802329.6644576"
"Germany","2018","Cereals, rolled or flaked grains nes","Export","22706296.6795061","49230244.2469857","Weight in kilograms","49230244.2469857"
"Germany","2018","Oats, hulled, pearled, sliced or kibbled","Import","2072830.89299195","3676524","Weight in kilograms","3676524"
"Germany","2018","Oats, hulled, pearled, sliced or kibbled","Export","6732449.91759656","9255897","Weight in kilograms","9255897"
"Germany","2018","Maize (corn), hulled, pearled, sliced or kibbled","Import","17520693.9677501","37682236.9594422","Weight in kilograms","37682236.9594422"
"Germany","2018","Maize (corn), hulled, pearled, sliced or kibbled","Export","966572.76500016","1760003","Weight in kilograms","1760003"
"Germany","2018","Cereals, hulled, pearled, sliced or kibbled nes","Import","17219355.7935478","20439635.8040715","Weight in kilograms","20439635.8040715"
"Germany","2018","Cereals, hulled, pearled, sliced or kibbled nes","Export","21538834.000559","36521946.1525454","Weight in kilograms","36521946.1525454"
"Germany","2018","Germ of cereals, whole, rolled, flaked or ground","Import","4318401.72930846","4050158.32332681","Weight in kilograms","4050158.32332681"
"Germany","2018","Germ of cereals, whole, rolled, flaked or ground","Export","7340070.33516624","14819795","Weight in kilograms","14819795"
"Germany","2018","Potato flour or meal","Import","10534018.3227174","9274421.83132744","Weight in kilograms","9274421.83132744"
"Germany","2018","Potato flour or meal","Export","2598954.70133896","2124984","Weight in kilograms","2124984"
"Germany","2018","Potato flakes, granules and pellets","Import","23086017.5747478","22891897","Weight in kilograms","22891897"
"Germany","2018","Potato flakes, granules and pellets","Export","220119809.501792","151375239.875256","Weight in kilograms","151375239.875256"
"Germany","2018","Flour or meal of dried legumes","Import","4796319.74588177","3087969.06401503","Weight in kilograms","3087969.06401503"
"Germany","2018","Flour or meal of dried legumes","Export","2119671.39506064","1128116.17483691","Weight in kilograms","1128116.17483691"
"Germany","2018","Flour or meal of sago, starchy roots or tubers","Import","1892780.84963706","658871.233457827","Weight in kilograms","658871.233457827"
"Germany","2018","Flour or meal of sago, starchy roots or tubers","Export","977452.43614832","175863.527184372","Weight in kilograms","175863.527184372"
"Germany","2018","Flour, meal, powder of fruit/nut, citrus or melon pee","Import","31404637.3838623","5512532.08583344","Weight in kilograms","5512532.08583344"
"Germany","2018","Flour, meal, powder of fruit/nut, citrus or melon pee","Export","23781599.9894387","2274023.74278022","Weight in kilograms","2274023.74278022"
"Germany","2018","Malt, not roasted","Import","112360976.21578","266451900.412417","Weight in kilograms","266451900.412417"
"Germany","2018","Malt, not roasted","Export","318864094.752513","616548512.56922","Weight in kilograms","616548512.56922"
"Germany","2018","Malt, roasted","Import","6194454.03689841","10299752.7376445","Weight in kilograms","10299752.7376445"
"Germany","2018","Malt, roasted","Export","27984538.1805433","30304651","Weight in kilograms","30304651"
"Germany","2018","Wheat, starch","Import","73706343.6747888","166175570.988889","Weight in kilograms","166175570.988889"
"Germany","2018","Wheat, starch","Export","52445523.2993455","105645864.379149","Weight in kilograms","105645864.379149"
"Germany","2018","Maize (corn) starch","Import","85083228.6967861","170104312.513551","Weight in kilograms","170104312.513551"
"Germany","2018","Maize (corn) starch","Export","82034128.8593863","100297226.506452","Weight in kilograms","100297226.506452"
"Germany","2018","Potato starch","Import","49645946.1065654","70533682.0685482","Weight in kilograms","70533682.0685482"
"Germany","2018","Potato starch","Export","205832789.112237","263155601.49298","Weight in kilograms","263155601.49298"
"Germany","2018","Manioc (cassava) starch","Import","10324372.3549062","11093051","Weight in kilograms","11093051"
"Germany","2018","Manioc (cassava) starch","Export","10624743.2498558","4901599","Weight in kilograms","4901599"
"Germany","2018","Starches except wheat, maize, potato, manioc","Import","13256618.9553417","9948070.02033154","Weight in kilograms","9948070.02033154"
"Germany","2018","Starches except wheat, maize, potato, manioc","Export","27056300.6599395","27475204.7961364","Weight in kilograms","27475204.7961364"
"Germany","2018","Inulin","Import","9935373.21868241","3637368.26260454","Weight in kilograms","3637368.26260454"
"Germany","2018","Inulin","Export","760487.59540176","115701.882690558","Weight in kilograms","115701.882690558"
"Germany","2018","Wheat gluten","Import","50197262.7717224","29897422.4069755","Weight in kilograms","29897422.4069755"
"Germany","2018","Wheat gluten","Export","234362312.800789","134335961.048669","Weight in kilograms","134335961.048669"
"Germany","2017","Wheat or meslin flour","Import","40739439.5452983","106183720","Weight in kilograms","106183720"
"Germany","2017","Wheat or meslin flour","Export","321717469.485782","913275605","Weight in kilograms","913275605"
"Germany","2017","Maize (corn) flour","Import","12666461.743681","39532547","Weight in kilograms","39532547"
"Germany","2017","Maize (corn) flour","Export","5887526.24366412","16001468","Weight in kilograms","16001468"
"Germany","2017","Cereal flour except wheat, meslin, rye, maize, rice","Import","23272403.6803392","31862888","Weight in kilograms","31862888"
"Germany","2017","Cereal flour except wheat, meslin, rye, maize, rice","Export","35788704.0537873","59116052","Weight in kilograms","59116052"
"Germany","2017","Wheat meal","Import","27616751.9538498","57610342","Weight in kilograms","57610342"
"Germany","2017","Wheat meal","Export","12553580.441844","23445216","Weight in kilograms","23445216"
"Germany","2017","Maize (corn) groats or meal","Import","9174491.00177799","21026762","Weight in kilograms","21026762"
"Germany","2017","Maize (corn) groats or meal","Export","18390834.1122346","46439991","Weight in kilograms","46439991"
"Germany","2017","Cereal groats or meal except wheat, maize, rice, oats","Import","7770337.89507003","5448421","Weight in kilograms","5448421"
"Germany","2017","Cereal groats or meal except wheat, maize, rice, oats","Export","4605483.79027384","2623166.55313991","Weight in kilograms","2623166.55313991"
"Germany","2017","Wheat pellets","Import","941215.26971619","2683231","Weight in kilograms","2683231"
"Germany","2017","Wheat pellets","Export","1324768.78833114","8268117","Weight in kilograms","8268117"
"Germany","2017","Oats, rolled or flaked grains","Import","10776610.0194554","12304430","Weight in kilograms","12304430"
"Germany","2017","Oats, rolled or flaked grains","Export","88280047.1793163","122599432","Weight in kilograms","122599432"
"Germany","2017","Cereals, rolled or flaked grains nes","Import","12179912.9934781","38896554","Weight in kilograms","38896554"
"Germany","2017","Cereals, rolled or flaked grains nes","Export","23259884.1078553","54391709","Weight in kilograms","54391709"
"Germany","2017","Oats, hulled, pearled, sliced or kibbled","Import","2340609.21188262","3339720","Weight in kilograms","3339720"
"Germany","2017","Oats, hulled, pearled, sliced or kibbled","Export","6013962.07531951","10718352","Weight in kilograms","10718352"
"Germany","2017","Maize (corn), hulled, pearled, sliced or kibbled","Import","16691401.4118919","36179478","Weight in kilograms","36179478"
"Germany","2017","Maize (corn), hulled, pearled, sliced or kibbled","Export","815255.15956516","1455587","Weight in kilograms","1455587"
"Germany","2017","Cereals, hulled, pearled, sliced or kibbled nes","Import","17881333.4843907","21269046","Weight in kilograms","21269046"
"Germany","2017","Cereals, hulled, pearled, sliced or kibbled nes","Export","27530657.240662","57443314","Weight in kilograms","57443314"
"Germany","2017","Germ of cereals, whole, rolled, flaked or ground","Import","3089392.32556185","3014674","Weight in kilograms","3014674"
"Germany","2017","Germ of cereals, whole, rolled, flaked or ground","Export","7311592.80123397","14266403","Weight in kilograms","14266403"
"Germany","2017","Potato flour or meal","Import","6659406.14996559","5378157","Weight in kilograms","5378157"
"Germany","2017","Potato flour or meal","Export","3304807.30025407","2125806","Weight in kilograms","2125806"
"Germany","2017","Potato flakes, granules and pellets","Import","20851936.1158985","20458864","Weight in kilograms","20458864"
"Germany","2017","Potato flakes, granules and pellets","Export","192199384.276683","154536841","Weight in kilograms","154536841"
"Germany","2017","Flour or meal of dried legumes","Import","4808340.32013195","3109391","Weight in kilograms","3109391"
"Germany","2017","Flour or meal of dried legumes","Export","1974935.1950036","1171238","Weight in kilograms","1171238"
"Germany","2017","Flour or meal of sago, starchy roots or tubers","Import","898831.53262056","287474","Weight in kilograms","287474"
"Germany","2017","Flour or meal of sago, starchy roots or tubers","Export","619940.88822598","95960","Weight in kilograms","95960"
"Germany","2017","Flour, meal, powder of fruit/nut, citrus or melon pee","Import","30374999.5585676","5898868","Weight in kilograms","5898868"
"Germany","2017","Flour, meal, powder of fruit/nut, citrus or melon pee","Export","21463098.5061974","2045397","Weight in kilograms","2045397"
"Germany","2017","Malt, not roasted","Import","72380243.8272751","182838680","Weight in kilograms","182838680"
"Germany","2017","Malt, not roasted","Export","280147096.11142","578757758","Weight in kilograms","578757758"
"Germany","2017","Malt, roasted","Import","5648793.4442079","10126655","Weight in kilograms","10126655"
"Germany","2017","Malt, roasted","Export","25036802.9440893","29345137","Weight in kilograms","29345137"
"Germany","2017","Wheat, starch","Import","56110433.8124549","147331651","Weight in kilograms","147331651"
"Germany","2017","Wheat, starch","Export","50456241.9762512","121296248","Weight in kilograms","121296248"
"Germany","2017","Maize (corn) starch","Import","77174507.348236","165501228","Weight in kilograms","165501228"
"Germany","2017","Maize (corn) starch","Export","71617120.2290558","93713484","Weight in kilograms","93713484"
"Germany","2017","Potato starch","Import","34124660.851319","49884197.3781265","Weight in kilograms","49884197.3781265"
"Germany","2017","Potato starch","Export","203130329.66589","281392225","Weight in kilograms","281392225"
"Germany","2017","Manioc (cassava) starch","Import","9301734.66781314","12587595","Weight in kilograms","12587595"
"Germany","2017","Manioc (cassava) starch","Export","8241115.38454729","4622985","Weight in kilograms","4622985"
"Germany","2017","Starches except wheat, maize, potato, manioc","Import","14147631.9106834","11482848","Weight in kilograms","11482848"
"Germany","2017","Starches except wheat, maize, potato, manioc","Export","30804170.8077556","36356437","Weight in kilograms","36356437"
"Germany","2017","Inulin","Import","8876807.00732553","3349198","Weight in kilograms","3349198"
"Germany","2017","Inulin","Export","458213.40589419","101874.549081754","Weight in kilograms","101874.549081754"
"Germany","2017","Wheat gluten","Import","33772944.9489871","21231589","Weight in kilograms","21231589"
"Germany","2017","Wheat gluten","Export","223168874.833129","139662977","Weight in kilograms","139662977"
"Germany","2016","Wheat or meslin flour","Import","42283232.9737033","118814951.444844","Weight in kilograms","118814951.444844"
"Germany","2016","Wheat or meslin flour","Export","300384205.670794","871942570","Weight in kilograms","871942570"
"Germany","2016","Maize (corn) flour","Import","12563008.5276143","38079510.605776","Weight in kilograms","38079510.605776"
"Germany","2016","Maize (corn) flour","Export","6918769.44761838","19622450","Weight in kilograms","19622450"
"Germany","2016","Cereal flour except wheat, meslin, rye, maize, rice","Import","25490727.0527314","38363175.7468457","Weight in kilograms","38363175.7468457"
"Germany","2016","Cereal flour except wheat, meslin, rye, maize, rice","Export","34508753.2044545","55927790.9937938","Weight in kilograms","55927790.9937938"
"Germany","2016","Wheat meal","Import","30757864.831175","57771444","Weight in kilograms","57771444"
"Germany","2016","Wheat meal","Export","13421164.1231996","30650700","Weight in kilograms","30650700"
"Germany","2016","Maize (corn) groats or meal","Import","10996438.5088514","27199682.9476038","Weight in kilograms","27199682.9476038"
"Germany","2016","Maize (corn) groats or meal","Export","18189887.9620544","46052778","Weight in kilograms","46052778"
"Germany","2016","Cereal groats or meal except wheat, maize, rice, oats","Import","4520553.91862416","5314009","Weight in kilograms","5314009"
"Germany","2016","Cereal groats or meal except wheat, maize, rice, oats","Export","3420248.6189091","2113136","Weight in kilograms","2113136"
"Germany","2016","Wheat pellets","Import","544017.72422628","1542528","Weight in kilograms","1542528"
"Germany","2016","Wheat pellets","Export","1256163.09232128","9695127","Weight in kilograms","9695127"
"Germany","2016","Oats, rolled or flaked grains","Import","7364471.99044132","9910371","Weight in kilograms","9910371"
"Germany","2016","Oats, rolled or flaked grains","Export","83356905.9523708","119121290.090745","Weight in kilograms","119121290.090745"
"Germany","2016","Cereals, rolled or flaked grains nes","Import","13482150.5283292","55153008.434466","Weight in kilograms","55153008.434466"
"Germany","2016","Cereals, rolled or flaked grains nes","Export","20471114.4870263","47243838.2181438","Weight in kilograms","47243838.2181438"
"Germany","2016","Oats, hulled, pearled, sliced or kibbled","Import","2296792.21864156","5018062","Weight in kilograms","5018062"
"Germany","2016","Oats, hulled, pearled, sliced or kibbled","Export","6455422.27312224","10658033","Weight in kilograms","10658033"
"Germany","2016","Maize (corn), hulled, pearled, sliced or kibbled","Import","16514867.7936292","35813685","Weight in kilograms","35813685"
"Germany","2016","Maize (corn), hulled, pearled, sliced or kibbled","Export","465749.14719234","755114","Weight in kilograms","755114"
"Germany","2016","Cereals, hulled, pearled, sliced or kibbled nes","Import","19799721.9232264","21407299.9632752","Weight in kilograms","21407299.9632752"
"Germany","2016","Cereals, hulled, pearled, sliced or kibbled nes","Export","26454976.3886912","48970880","Weight in kilograms","48970880"
"Germany","2016","Germ of cereals, whole, rolled, flaked or ground","Import","3065170.60174848","3670441.64997","Weight in kilograms","3670441.64997"
"Germany","2016","Germ of cereals, whole, rolled, flaked or ground","Export","6821108.77987044","14409997","Weight in kilograms","14409997"
"Germany","2016","Potato flour or meal","Import","6548080.81581824","5073585.44289739","Weight in kilograms","5073585.44289739"
"Germany","2016","Potato flour or meal","Export","2999383.1541399","1853605","Weight in kilograms","1853605"
"Germany","2016","Potato flakes, granules and pellets","Import","18224003.4494428","17643029.7624408","Weight in kilograms","17643029.7624408"
"Germany","2016","Potato flakes, granules and pellets","Export","158666082.082913","135025247.665417","Weight in kilograms","135025247.665417"
"Germany","2016","Flour or meal of dried legumes","Import","3841520.13506932","2722047","Weight in kilograms","2722047"
"Germany","2016","Flour or meal of dried legumes","Export","1420908.53298438","912484","Weight in kilograms","912484"
"Germany","2016","Flour or meal of sago, starchy roots or tubers","Import","1445297.66526548","347491.337173513","Weight in kilograms","347491.337173513"
"Germany","2016","Flour or meal of sago, starchy roots or tubers","Export","691547.86343346","100866.211798852","Weight in kilograms","100866.211798852"
"Germany","2016","Flour, meal, powder of fruit/nut, citrus or melon pee","Import","29020231.538804","4628242.8233307","Weight in kilograms","4628242.8233307"
"Germany","2016","Flour, meal, powder of fruit/nut, citrus or melon pee","Export","19166160.3557761","1626700.68907492","Weight in kilograms","1626700.68907492"
"Germany","2016","Malt, not roasted","Import","91906304.1625547","233575705.204605","Weight in kilograms","233575705.204605"
"Germany","2016","Malt, not roasted","Export","281321196.206072","613821307.441219","Weight in kilograms","613821307.441219"
"Germany","2016","Malt, roasted","Import","5750119.32997404","11382110.024759","Weight in kilograms","11382110.024759"
"Germany","2016","Malt, roasted","Export","19426246.4020805","24475658","Weight in kilograms","24475658"
"Germany","2016","Wheat, starch","Import","39030093.0455819","113464022.866661","Weight in kilograms","113464022.866661"
"Germany","2016","Wheat, starch","Export","42319057.4339122","114940889.103003","Weight in kilograms","114940889.103003"
"Germany","2016","Maize (corn) starch","Import","74226564.0780028","166080290.358099","Weight in kilograms","166080290.358099"
"Germany","2016","Maize (corn) starch","Export","74885200.2771668","100395455.711523","Weight in kilograms","100395455.711523"
"Germany","2016","Potato starch","Import","31763289.7750507","51712348.5987263","Weight in kilograms","51712348.5987263"
"Germany","2016","Potato starch","Export","187566571.073798","266529117.92342","Weight in kilograms","266529117.92342"
"Germany","2016","Manioc (cassava) starch","Import","6746538.55597208","9789398","Weight in kilograms","9789398"
"Germany","2016","Manioc (cassava) starch","Export","7118361.20277414","3828421.19063328","Weight in kilograms","3828421.19063328"
"Germany","2016","Starches except wheat, maize, potato, manioc","Import","15734261.5952788","11737487.9525325","Weight in kilograms","11737487.9525325"
"Germany","2016","Starches except wheat, maize, potato, manioc","Export","30221291.71433","45325928.3202594","Weight in kilograms","45325928.3202594"
"Germany","2016","Inulin","Import","7328490.0590412","2863783.35562543","Weight in kilograms","2863783.35562543"
"Germany","2016","Inulin","Export","757535.69858736","169258.161826298","Weight in kilograms","169258.161826298"
"Germany","2016","Wheat gluten","Import","32167002.420234","21302485.6988979","Weight in kilograms","21302485.6988979"
"Germany","2016","Wheat gluten","Export","202387456.559761","124909029.858021","Weight in kilograms","124909029.858021"
"USA","2018","Wheat or meslin flour","Import","207361673","286601949.062783","Weight in kilograms","286601949.062783"
"USA","2018","Wheat or meslin flour","Export","131529822","258104203","Weight in kilograms","258104203"
"USA","2018","Wheat or meslin flour","Re-Export","584023","611417","Weight in kilograms","611417"
"USA","2018","Maize (corn) flour","Import","94016830","159653131","Weight in kilograms","159653131"
"USA","2018","Maize (corn) flour","Export","71762068","119566325","Weight in kilograms","119566325"
"USA","2018","Maize (corn) flour","Re-Export","433401","751243","Weight in kilograms","751243"
"USA","2018","Cereal flour except wheat, meslin, rye, maize, rice","Import","41802598","42682156","Weight in kilograms","42682156"
"USA","2018","Cereal flour except wheat, meslin, rye, maize, rice","Export","29813684","32185166","Weight in kilograms","32185166"
"USA","2018","Cereal flour except wheat, meslin, rye, maize, rice","Re-Export","484650","310741","Weight in kilograms","310741"
"USA","2018","Wheat meal","Import","22733334","45545217","Weight in kilograms","45545217"
"USA","2018","Wheat meal","Export","9801444","18970936","Weight in kilograms","18970936"
"USA","2018","Maize (corn) groats or meal","Import","16508833","51202053","Weight in kilograms","51202053"
"USA","2018","Maize (corn) groats or meal","Export","49832571","113387397","Weight in kilograms","113387397"
"USA","2018","Maize (corn) groats or meal","Re-Export","205883","427307","Weight in kilograms","427307"
"USA","2018","Cereal groats or meal except wheat, maize, rice, oats","Import","62419736","131486253","Weight in kilograms","131486253"
"USA","2018","Cereal groats or meal except wheat, maize, rice, oats","Export","10450081","18143692","Weight in kilograms","18143692"
"USA","2018","Cereal groats or meal except wheat, maize, rice, oats","Re-Export","1468928","2751604","Weight in kilograms","2751604"
"USA","2018","Wheat pellets","Import","3969233","2876751","Weight in kilograms","2876751"
"USA","2018","Wheat pellets","Export","1257140","6693312","Weight in kilograms","6693312"
"USA","2018","Oats, rolled or flaked grains","Import","108974437","138341733","Weight in kilograms","138341733"
"USA","2018","Oats, rolled or flaked grains","Export","19597637","13491932","Weight in kilograms","13491932"
"USA","2018","Oats, rolled or flaked grains","Re-Export","4927167","1824284","Weight in kilograms","1824284"
"USA","2018","Cereals, rolled or flaked grains nes","Import","9700282","32350949","Weight in kilograms","32350949"
"USA","2018","Cereals, rolled or flaked grains nes","Export","15500016","22892817","Weight in kilograms","22892817"
"USA","2018","Cereals, rolled or flaked grains nes","Re-Export","334554","525134","Weight in kilograms","525134"
"USA","2018","Oats, hulled, pearled, sliced or kibbled","Import","81833936","154285448","Weight in kilograms","154285448"
"USA","2018","Oats, hulled, pearled, sliced or kibbled","Export","2632462","2388742","Weight in kilograms","2388742"
"USA","2018","Oats, hulled, pearled, sliced or kibbled","Re-Export","134629","99231","Weight in kilograms","99231"
"USA","2018","Maize (corn), hulled, pearled, sliced or kibbled","Import","84846584","236108954","Weight in kilograms","236108954"
"USA","2018","Maize (corn), hulled, pearled, sliced or kibbled","Export","43089411","115193436","Weight in kilograms","115193436"
"USA","2018","Cereals, hulled, pearled, sliced or kibbled nes","Import","28508755","48387529","Weight in kilograms","48387529"
"USA","2018","Cereals, hulled, pearled, sliced or kibbled nes","Export","9737402","20730777","Weight in kilograms","20730777"
"USA","2018","Cereals, hulled, pearled, sliced or kibbled nes","Re-Export","237777","476236","Weight in kilograms","476236"
"USA","2018","Germ of cereals, whole, rolled, flaked or ground","Import","10364487","30545396","Weight in kilograms","30545396"
"USA","2018","Germ of cereals, whole, rolled, flaked or ground","Export","3444003","3375262","Weight in kilograms","3375262"
"USA","2018","Germ of cereals, whole, rolled, flaked or ground","Re-Export","7934","4556","Weight in kilograms","4556"
"USA","2018","Potato flour or meal","Import","6988909","7796932","Weight in kilograms","7796932"
"USA","2018","Potato flour or meal","Export","8082612","5920080","Weight in kilograms","5920080"
"USA","2018","Potato flour or meal","Re-Export","204270","151673","Weight in kilograms","151673"
"USA","2018","Potato flakes, granules and pellets","Import","45217106","34519048","Weight in kilograms","34519048"
"USA","2018","Potato flakes, granules and pellets","Export","93380210","71980435","Weight in kilograms","71980435"
"USA","2018","Potato flakes, granules and pellets","Re-Export","219174","214775","Weight in kilograms","214775"
"USA","2018","Flour or meal of dried legumes","Import","26260243","21868058","Weight in kilograms","21868058"
"USA","2018","Flour or meal of dried legumes","Export","10813201","24100999","Weight in kilograms","24100999"
"USA","2018","Flour or meal of dried legumes","Re-Export","203548","119769","Weight in kilograms","119769"
"USA","2018","Flour or meal of sago, starchy roots or tubers","Import","76021561","110918247","Weight in kilograms","110918247"
"USA","2018","Flour or meal of sago, starchy roots or tubers","Export","9111338","6216917","Weight in kilograms","6216917"
"USA","2018","Flour or meal of sago, starchy roots or tubers","Re-Export","2979824","1751720","Weight in kilograms","1751720"
"USA","2018","Flour, meal, powder of fruit/nut, citrus or melon pee","Import","23963919","6623205","Weight in kilograms","6623205"
"USA","2018","Flour, meal, powder of fruit/nut, citrus or melon pee","Export","47131097","6404253","Weight in kilograms","6404253"
"USA","2018","Flour, meal, powder of fruit/nut, citrus or melon pee","Re-Export","2925994","236841","Weight in kilograms","236841"
"USA","2018","Malt, not roasted","Import","290147958","424556458.394748","Weight in kilograms","424556458.394748"
"USA","2018","Malt, not roasted","Export","231611609","431120214","Weight in kilograms","431120214"
"USA","2018","Malt, not roasted","Re-Export","2148433","3200235","Weight in kilograms","3200235"
"USA","2018","Malt, roasted","Import","21450749","21077711","Weight in kilograms","21077711"
"USA","2018","Malt, roasted","Export","5474218","4938186","Weight in kilograms","4938186"
"USA","2018","Malt, roasted","Re-Export","709397","627807","Weight in kilograms","627807"
"USA","2018","Wheat, starch","Import","12311921","14569491","Weight in kilograms","14569491"
"USA","2018","Wheat, starch","Export","2292642","3242907","Weight in kilograms","3242907"
"USA","2018","Maize (corn) starch","Import","36343089","61935395","Weight in kilograms","61935395"
"USA","2018","Maize (corn) starch","Export","65645497","111379605","Weight in kilograms","111379605"
"USA","2018","Maize (corn) starch","Re-Export","1556537","1208960","Weight in kilograms","1208960"
"USA","2018","Potato starch","Import","96051774","115898557","Weight in kilograms","115898557"
"USA","2018","Potato starch","Export","8091156","8233157","Weight in kilograms","8233157"
"USA","2018","Potato starch","Re-Export","548672","485670","Weight in kilograms","485670"
"USA","2018","Manioc (cassava) starch","Import","82214606","110282780","Weight in kilograms","110282780"
"USA","2018","Manioc (cassava) starch","Export","2124942","1205435","Weight in kilograms","1205435"
"USA","2018","Manioc (cassava) starch","Re-Export","890907","672207","Weight in kilograms","672207"
"USA","2018","Starches except wheat, maize, potato, manioc","Import","54165502","48238039","Weight in kilograms","48238039"
"USA","2018","Starches except wheat, maize, potato, manioc","Export","12136312","12628908","Weight in kilograms","12628908"
"USA","2018","Starches except wheat, maize, potato, manioc","Re-Export","1251474","550567","Weight in kilograms","550567"
"USA","2018","Inulin","Import","54254173","17861434","Weight in kilograms","17861434"
"USA","2018","Inulin","Export","2541915","694124","Weight in kilograms","694124"
"USA","2018","Inulin","Re-Export","2224861","586124","Weight in kilograms","586124"
"USA","2018","Wheat gluten","Import","422665224","223812235","Weight in kilograms","223812235"
"USA","2018","Wheat gluten","Export","19983948","9629378","Weight in kilograms","9629378"
"USA","2018","Wheat gluten","Re-Export","3614506","1650995","Weight in kilograms","1650995"
"USA","2017","Wheat or meslin flour","Import","187715854","270549279","Weight in kilograms","270549279"
"USA","2017","Wheat or meslin flour","Export","135785049","282593772","Weight in kilograms","282593772"
"USA","2017","Wheat or meslin flour","Re-Export","696713","825769","Weight in kilograms","825769"
"USA","2017","Maize (corn) flour","Import","91959677","156073496","Weight in kilograms","156073496"
"USA","2017","Maize (corn) flour","Export","63214518","110388965","Weight in kilograms","110388965"
"USA","2017","Maize (corn) flour","Re-Export","533587","775028","Weight in kilograms","775028"
"USA","2017","Cereal flour except wheat, meslin, rye, maize, rice","Import","37083003","37685605.6905147","Weight in kilograms","37685605.6905147"
"USA","2017","Cereal flour except wheat, meslin, rye, maize, rice","Export","28166957","28433681","Weight in kilograms","28433681"
"USA","2017","Cereal flour except wheat, meslin, rye, maize, rice","Re-Export","295038","186121","Weight in kilograms","186121"
"USA","2017","Wheat meal","Import","17947149","30486583","Weight in kilograms","30486583"
"USA","2017","Wheat meal","Export","8898737","17163621","Weight in kilograms","17163621"
"USA","2017","Wheat meal","Re-Export","53091","25159","Weight in kilograms","25159"
"USA","2017","Maize (corn) groats or meal","Import","24706770","82808618","Weight in kilograms","82808618"
"USA","2017","Maize (corn) groats or meal","Export","56326310","131994445","Weight in kilograms","131994445"
"USA","2017","Maize (corn) groats or meal","Re-Export","85015","155008","Weight in kilograms","155008"
"USA","2017","Cereal groats or meal except wheat, maize, rice, oats","Import","96304858","206411089","Weight in kilograms","206411089"
"USA","2017","Cereal groats or meal except wheat, maize, rice, oats","Export","11172631","20841722","Weight in kilograms","20841722"
"USA","2017","Cereal groats or meal except wheat, maize, rice, oats","Re-Export","1299018","2523410","Weight in kilograms","2523410"
"USA","2017","Wheat pellets","Import","6599103","7818003","Weight in kilograms","7818003"
"USA","2017","Wheat pellets","Export","1604898","7691403","Weight in kilograms","7691403"
"USA","2017","Oats, rolled or flaked grains","Import","101712245","129623283","Weight in kilograms","129623283"
"USA","2017","Oats, rolled or flaked grains","Export","18911601","15650403","Weight in kilograms","15650403"
"USA","2017","Oats, rolled or flaked grains","Re-Export","4379688","1785489","Weight in kilograms","1785489"
"USA","2017","Cereals, rolled or flaked grains nes","Import","7849061","24007666","Weight in kilograms","24007666"
"USA","2017","Cereals, rolled or flaked grains nes","Export","12683138","18702715","Weight in kilograms","18702715"
"USA","2017","Cereals, rolled or flaked grains nes","Re-Export","232752","387142","Weight in kilograms","387142"
"USA","2017","Oats, hulled, pearled, sliced or kibbled","Import","28664989","47546243","Weight in kilograms","47546243"
"USA","2017","Oats, hulled, pearled, sliced or kibbled","Export","2837167","2536530","Weight in kilograms","2536530"
"USA","2017","Oats, hulled, pearled, sliced or kibbled","Re-Export","157351","44789","Weight in kilograms","44789"
"USA","2017","Maize (corn), hulled, pearled, sliced or kibbled","Import","6983991","13492663","Weight in kilograms","13492663"
"USA","2017","Maize (corn), hulled, pearled, sliced or kibbled","Export","42854358","117713825","Weight in kilograms","117713825"
"USA","2017","Cereals, hulled, pearled, sliced or kibbled nes","Import","11750169","9160181","Weight in kilograms","9160181"
"USA","2017","Cereals, hulled, pearled, sliced or kibbled nes","Export","7076904","15735867","Weight in kilograms","15735867"
"USA","2017","Cereals, hulled, pearled, sliced or kibbled nes","Re-Export","279691","679286","Weight in kilograms","679286"
"USA","2017","Germ of cereals, whole, rolled, flaked or ground","Import","12532445","32844868","Weight in kilograms","32844868"
"USA","2017","Germ of cereals, whole, rolled, flaked or ground","Export","3257298","3260853","Weight in kilograms","3260853"
"USA","2017","Germ of cereals, whole, rolled, flaked or ground","Re-Export","18868","21850","Weight in kilograms","21850"
"USA","2017","Potato flour or meal","Import","5325849","5551452","Weight in kilograms","5551452"
"USA","2017","Potato flour or meal","Export","9051118","6776534","Weight in kilograms","6776534"
"USA","2017","Potato flour or meal","Re-Export","46884","32509","Weight in kilograms","32509"
"USA","2017","Potato flakes, granules and pellets","Import","44520787","33785774","Weight in kilograms","33785774"
"USA","2017","Potato flakes, granules and pellets","Export","93694750","73310408","Weight in kilograms","73310408"
"USA","2017","Potato flakes, granules and pellets","Re-Export","221843","168875","Weight in kilograms","168875"
"USA","2017","Flour or meal of dried legumes","Import","23266162","20118020","Weight in kilograms","20118020"
"USA","2017","Flour or meal of dried legumes","Export","21494269","40534058","Weight in kilograms","40534058"
"USA","2017","Flour or meal of dried legumes","Re-Export","447014","332490","Weight in kilograms","332490"
"USA","2017","Flour or meal of sago, starchy roots or tubers","Import","53025774","82495858","Weight in kilograms","82495858"
"USA","2017","Flour or meal of sago, starchy roots or tubers","Export","5261836","3644770","Weight in kilograms","3644770"
"USA","2017","Flour or meal of sago, starchy roots or tubers","Re-Export","1754975","1096442","Weight in kilograms","1096442"
"USA","2017","Flour, meal, powder of fruit/nut, citrus or melon pee","Import","16287210","4148237","Weight in kilograms","4148237"
"USA","2017","Flour, meal, powder of fruit/nut, citrus or melon pee","Export","31565611","17455157","Weight in kilograms","17455157"
"USA","2017","Flour, meal, powder of fruit/nut, citrus or melon pee","Re-Export","1886181","898873","Weight in kilograms","898873"
"USA","2017","Malt, not roasted","Import","282774545","422241075","Weight in kilograms","422241075"
"USA","2017","Malt, not roasted","Export","245533787","467835104","Weight in kilograms","467835104"
"USA","2017","Malt, not roasted","Re-Export","3642531","5906419","Weight in kilograms","5906419"
"USA","2017","Malt, roasted","Import","21737053","22561650.9802896","Weight in kilograms","22561650.9802896"
"USA","2017","Malt, roasted","Export","7436633","6622037","Weight in kilograms","6622037"
"USA","2017","Malt, roasted","Re-Export","397606","346105","Weight in kilograms","346105"
"USA","2017","Wheat, starch","Import","14702676","24409643.404372","No Quantity","0"
"USA","2017","Wheat, starch","Export","2015606","2733404","Weight in kilograms","2733404"
"USA","2017","Wheat, starch","Re-Export","60460","67642","Weight in kilograms","67642"
"USA","2017","Maize (corn) starch","Import","33186221","71535840","Weight in kilograms","71535840"
"USA","2017","Maize (corn) starch","Export","65414010","103862831","Weight in kilograms","103862831"
"USA","2017","Maize (corn) starch","Re-Export","1460005","1153856","Weight in kilograms","1153856"
"USA","2017","Potato starch","Import","82569860","108150084","Weight in kilograms","108150084"
"USA","2017","Potato starch","Export","10870266","10650903","Weight in kilograms","10650903"
"USA","2017","Potato starch","Re-Export","776696","673908","Weight in kilograms","673908"
"USA","2017","Manioc (cassava) starch","Import","61529302","99648157","Weight in kilograms","99648157"
"USA","2017","Manioc (cassava) starch","Export","2586958","1389623","Weight in kilograms","1389623"
"USA","2017","Manioc (cassava) starch","Re-Export","643116","482238","Weight in kilograms","482238"
"USA","2017","Starches except wheat, maize, potato, manioc","Import","45985436","40969985.9618413","Weight in kilograms","40969985.9618413"
"USA","2017","Starches except wheat, maize, potato, manioc","Export","12711416","11928387","Weight in kilograms","11928387"
"USA","2017","Starches except wheat, maize, potato, manioc","Re-Export","1159771","550110","Weight in kilograms","550110"
"USA","2017","Inulin","Import","50562125","17605660","Weight in kilograms","17605660"
"USA","2017","Inulin","Export","2366828","817828","Weight in kilograms","817828"
"USA","2017","Inulin","Re-Export","1484792","409690","Weight in kilograms","409690"
"USA","2017","Wheat gluten","Import","373390603","209379104","Weight in kilograms","209379104"
"USA","2017","Wheat gluten","Export","9659732","5073615","Weight in kilograms","5073615"
"USA","2017","Wheat gluten","Re-Export","614355","376436","Weight in kilograms","376436"
"USA","2016","Wheat or meslin flour","Import","182021931","268220819","Weight in kilograms","268220819"
"USA","2016","Wheat or meslin flour","Export","161335463","334598245","Weight in kilograms","334598245"
"USA","2016","Wheat or meslin flour","Re-Export","400899","408081","Weight in kilograms","408081"
"USA","2016","Maize (corn) flour","Import","80918484","139305229","Weight in kilograms","139305229"
"USA","2016","Maize (corn) flour","Export","60402088","110178610","Weight in kilograms","110178610"
"USA","2016","Maize (corn) flour","Re-Export","602171","924574","Weight in kilograms","924574"
"USA","2016","Cereal flour except wheat, meslin, rye, maize, rice","Import","31546916","31608389","Weight in kilograms","31608389"
"USA","2016","Cereal flour except wheat, meslin, rye, maize, rice","Export","29067058","28655814","Weight in kilograms","28655814"
"USA","2016","Cereal flour except wheat, meslin, rye, maize, rice","Re-Export","354005","143594","Weight in kilograms","143594"
"USA","2016","Wheat meal","Import","16488149","27221760","Weight in kilograms","27221760"
"USA","2016","Wheat meal","Export","11988881","22549174","Weight in kilograms","22549174"
"USA","2016","Maize (corn) groats or meal","Import","17293301","57035891","Weight in kilograms","57035891"
"USA","2016","Maize (corn) groats or meal","Export","69012323","161791497","Weight in kilograms","161791497"
"USA","2016","Maize (corn) groats or meal","Re-Export","59381","116072","Weight in kilograms","116072"
"USA","2016","Cereal groats or meal except wheat, maize, rice, oats","Import","92242744","186432177","Weight in kilograms","186432177"
"USA","2016","Cereal groats or meal except wheat, maize, rice, oats","Export","9017501","16372214","Weight in kilograms","16372214"
"USA","2016","Cereal groats or meal except wheat, maize, rice, oats","Re-Export","882105","1499372","Weight in kilograms","1499372"
"USA","2016","Wheat pellets","Import","4739059","13934128","Weight in kilograms","13934128"
"USA","2016","Wheat pellets","Export","1367589","7653005","Weight in kilograms","7653005"
"USA","2016","Wheat pellets","Re-Export","22867","33277","Weight in kilograms","33277"
"USA","2016","Oats, rolled or flaked grains","Import","102234532","134410500","Weight in kilograms","134410500"
"USA","2016","Oats, rolled or flaked grains","Export","20463822","20284780","Weight in kilograms","20284780"
"USA","2016","Oats, rolled or flaked grains","Re-Export","1970576","946127","Weight in kilograms","946127"
"USA","2016","Cereals, rolled or flaked grains nes","Import","7066109","18820415","Weight in kilograms","18820415"
"USA","2016","Cereals, rolled or flaked grains nes","Export","12252087","18699496","Weight in kilograms","18699496"
"USA","2016","Cereals, rolled or flaked grains nes","Re-Export","363598","552194","Weight in kilograms","552194"
"USA","2016","Oats, hulled, pearled, sliced or kibbled","Import","32976953","49041994","Weight in kilograms","49041994"
"USA","2016","Oats, hulled, pearled, sliced or kibbled","Export","3785818","3817532","Weight in kilograms","3817532"
"USA","2016","Oats, hulled, pearled, sliced or kibbled","Re-Export","228512","130132","Weight in kilograms","130132"
"USA","2016","Maize (corn), hulled, pearled, sliced or kibbled","Import","8764945","16375823","Weight in kilograms","16375823"
"USA","2016","Maize (corn), hulled, pearled, sliced or kibbled","Export","40660496","110252762","Weight in kilograms","110252762"
"USA","2016","Cereals, hulled, pearled, sliced or kibbled nes","Import","23040294","32990389","Weight in kilograms","32990389"
"USA","2016","Cereals, hulled, pearled, sliced or kibbled nes","Export","5418348","15390310","Weight in kilograms","15390310"
"USA","2016","Cereals, hulled, pearled, sliced or kibbled nes","Re-Export","167104","476824","Weight in kilograms","476824"
"USA","2016","Germ of cereals, whole, rolled, flaked or ground","Import","10190712","23154955","Weight in kilograms","23154955"
"USA","2016","Germ of cereals, whole, rolled, flaked or ground","Export","2430653","2261941","Weight in kilograms","2261941"
"USA","2016","Germ of cereals, whole, rolled, flaked or ground","Re-Export","4697","3492","Weight in kilograms","3492"
"USA","2016","Potato flour or meal","Import","2276410","2133909","Weight in kilograms","2133909"
"USA","2016","Potato flour or meal","Export","9906840","7637654","Weight in kilograms","7637654"
"USA","2016","Potato flour or meal","Re-Export","54584","32749","Weight in kilograms","32749"
"USA","2016","Potato flakes, granules and pellets","Import","32656416","24284808","Weight in kilograms","24284808"
"USA","2016","Potato flakes, granules and pellets","Export","87596544","68561838","Weight in kilograms","68561838"
"USA","2016","Potato flakes, granules and pellets","Re-Export","2564","2160","Weight in kilograms","2160"
"USA","2016","Flour or meal of dried legumes","Import","19839991","15261395","Weight in kilograms","15261395"
"USA","2016","Flour or meal of dried legumes","Export","18955330","10846718","Weight in kilograms","10846718"
"USA","2016","Flour or meal of dried legumes","Re-Export","14026","6300","Weight in kilograms","6300"
"USA","2016","Flour or meal of sago, starchy roots or tubers","Import","52298226","83682445","Weight in kilograms","83682445"
"USA","2016","Flour or meal of sago, starchy roots or tubers","Export","5630209","3565252","Weight in kilograms","3565252"
"USA","2016","Flour or meal of sago, starchy roots or tubers","Re-Export","1492557","975444","Weight in kilograms","975444"
"USA","2016","Flour, meal, powder of fruit/nut, citrus or melon pee","Import","12224366","3501602","Weight in kilograms","3501602"
"USA","2016","Flour, meal, powder of fruit/nut, citrus or melon pee","Export","28609286","18069201","Weight in kilograms","18069201"
"USA","2016","Flour, meal, powder of fruit/nut, citrus or melon pee","Re-Export","1719662","1072785","Weight in kilograms","1072785"
"USA","2016","Malt, not roasted","Import","264534630","391294069","Weight in kilograms","391294069"
"USA","2016","Malt, not roasted","Export","195943722","378715738","Weight in kilograms","378715738"
"USA","2016","Malt, not roasted","Re-Export","974319","1127633","Weight in kilograms","1127633"
"USA","2016","Malt, roasted","Import","21451771","21379931","Weight in kilograms","21379931"
"USA","2016","Malt, roasted","Export","6954310","6019240","Weight in kilograms","6019240"
"USA","2016","Malt, roasted","Re-Export","650481","508077","Weight in kilograms","508077"
"USA","2016","Wheat, starch","Import","10745762","21520660","Weight in kilograms","21520660"
"USA","2016","Wheat, starch","Export","1664707","2107060","Weight in kilograms","2107060"
"USA","2016","Wheat, starch","Re-Export","66656","58207","Weight in kilograms","58207"
"USA","2016","Maize (corn) starch","Import","35864793","65605413","Weight in kilograms","65605413"
"USA","2016","Maize (corn) starch","Export","59335278","81808577","Weight in kilograms","81808577"
"USA","2016","Maize (corn) starch","Re-Export","1879981","1242701","Weight in kilograms","1242701"
"USA","2016","Potato starch","Import","76980969","98742406.297738","Weight in kilograms","98742406.297738"
"USA","2016","Potato starch","Export","10392440","10366267","Weight in kilograms","10366267"
"USA","2016","Potato starch","Re-Export","638679","521369","Weight in kilograms","521369"
"USA","2016","Manioc (cassava) starch","Import","62915914","96056585","Weight in kilograms","96056585"
"USA","2016","Manioc (cassava) starch","Export","2207212","1228996","Weight in kilograms","1228996"
"USA","2016","Manioc (cassava) starch","Re-Export","673078","531654","Weight in kilograms","531654"
"USA","2016","Starches except wheat, maize, potato, manioc","Import","39307103","29666142","Weight in kilograms","29666142"
"USA","2016","Starches except wheat, maize, potato, manioc","Export","12122256","13345826","Weight in kilograms","13345826"
"USA","2016","Starches except wheat, maize, potato, manioc","Re-Export","963362","1429006","Weight in kilograms","1429006"
"USA","2016","Inulin","Import","49518408","16930107.6503424","Weight in kilograms","16930107.6503424"
"USA","2016","Inulin","Export","3654707","1485774","Weight in kilograms","1485774"
"USA","2016","Inulin","Re-Export","2562257","656346","Weight in kilograms","656346"
"USA","2016","Wheat gluten","Import","372909620","208252431","Weight in kilograms","208252431"
"USA","2016","Wheat gluten","Export","7741650","4327268","Weight in kilograms","4327268"
"USA","2016","Wheat gluten","Re-Export","1166542","781887","Weight in kilograms","781887"

